{
  "data": {
    "pondering": {
      "blinkRates": [
        0.7,
        4
      ],
      "fps": -1,
      "looped": false,
      "offset": [
        13.9690721649485,
        -15.9690721649485
      ],
      "sound": null,
      "unblinkRates": [
        0.05,
        0.1
      ]
    },
    "challenging": {
      "blinkRates": [
        0.7,
        5
      ],
      "fps": -1,
      "looped": false,
      "offset": [
        188.969072164948,
        9.69072164948454
      ],
      "sound": null,
      "unblinkRates": [
        0.05,
        0.1
      ]
    },
    "lookback_arms": {
      "blinkRates": [
        0.7,
        4
      ],
      "fps": -1,
      "looped": false,
      "offset": [
        204.278350515464,
        18.0927835051546
      ],
      "sound": null,
      "unblinkRates": [
        0.05,
        0.1
      ]
    },
    "curious_questioning": {
      "blinkRates": [
        0.7,
        4
      ],
      "fps": -1,
      "looped": false,
      "offset": [
        -0.0309278350515464,
        5.06185567010309
      ],
      "sound": null,
      "unblinkRates": [
        0.05,
        0.1
      ]
    },
    "hopeful": {
      "blinkRates": [
        0.7,
        5
      ],
      "fps": -1,
      "looped": false,
      "offset": [
        -0.0309278350515464,
        -14.9381443298969
      ],
      "sound": null,
      "unblinkRates": [
        0.05,
        0.1
      ]
    },
    "nervous_dig_arms": {
      "blinkRates": [
        0.7,
        4
      ],
      "fps": -1,
      "looped": false,
      "offset": [
        232.969072164948,
        21.0618556701031
      ],
      "sound": null,
      "unblinkRates": [
        0.05,
        0.1
      ]
    },
    "lecturing_whiteboard": {
      "blinkRates": [
        0.7,
        5
      ],
      "fps": -1,
      "looped": false,
      "offset": [
        287.525773195876,
        22.0618556701031
      ],
      "sound": null,
      "unblinkRates": [
        0.05,
        0.1
      ]
    },
    "horrified_arms": {
      "blinkRates": [
        0.7,
        5
      ],
      "fps": -1,
      "looped": false,
      "offset": [
        316.855670103093,
        26.7525773195876
      ],
      "sound": null,
      "unblinkRates": [
        0.05,
        0.1
      ]
    },
    "disappointed": {
      "blinkRates": [
        0.7,
        4
      ],
      "fps": -1,
      "looped": false,
      "offset": [
        68.659793814433,
        -60.8762886597938
      ],
      "sound": null,
      "unblinkRates": [
        0.05,
        0.1
      ]
    },
    "nervous": {
      "blinkRates": [
        0.7,
        5
      ],
      "fps": -1,
      "looped": false,
      "offset": [
        295.518315420048,
        12.0096512393068
      ],
      "sound": null,
      "unblinkRates": [
        0.05,
        0.1
      ]
    },
    "horrified": {
      "blinkRates": [
        0.7,
        5
      ],
      "fps": -1,
      "looped": false,
      "offset": [
        85.6437815310378,
        -5.14169774073258
      ],
      "sound": null,
      "unblinkRates": [
        0.05,
        0.1
      ]
    },
    "consoling": {
      "blinkRates": [
        0.7,
        4
      ],
      "fps": -1,
      "looped": false,
      "offset": [
        278.350515463918,
        -51.5463917525773
      ],
      "sound": null,
      "unblinkRates": [
        0.05,
        0.1
      ]
    },
    "nervous_dig": {
      "blinkRates": [
        0.7,
        5
      ],
      "fps": -1,
      "looped": false,
      "offset": [
        54.0309278350515,
        -21.9690721649485
      ],
      "sound": null,
      "unblinkRates": [
        0.05,
        0.1
      ]
    },
    "smiling": {
      "blinkRates": [
        0.7,
        1.3
      ],
      "fps": -1,
      "looped": false,
      "offset": [
        54.0309278350515,
        1.03092783505155
      ],
      "sound": null,
      "unblinkRates": [
        0.05,
        0.1
      ]
    },
    "lookback": {
      "blinkRates": [
        0.7,
        4
      ],
      "fps": -1,
      "looped": false,
      "offset": [
        62.8865979381443,
        5.15463917525773
      ],
      "sound": null,
      "unblinkRates": [
        0.05,
        0.1
      ]
    },
    "neutral": {
      "blinkRates": [
        0.7,
        5
      ],
      "fps": -1,
      "looped": false,
      "offset": [
        0,
        0
      ],
      "sound": null,
      "unblinkRates": [
        0.05,
        0.1
      ]
    },
    "cowering": {
      "blinkRates": [
        0.7,
        1.3
      ],
      "fps": -1,
      "looped": false,
      "offset": [
        172.938144329897,
        -98.4020618556701
      ],
      "sound": null,
      "unblinkRates": [
        0.05,
        0.1
      ]
    },
    "lecturing": {
      "blinkRates": [
        0.7,
        1.3
      ],
      "fps": -1,
      "looped": false,
      "offset": [
        219.536082474227,
        25.1546391752577
      ],
      "sound": null,
      "unblinkRates": [
        0.05,
        0.1
      ]
    },
    "suprised": {
      "blinkRates": [
        0.7,
        4
      ],
      "fps": -1,
      "looped": false,
      "offset": [
        142.061855670103,
        7.06185567010309
      ],
      "sound": null,
      "unblinkRates": [
        0.05,
        0.1
      ]
    },
    "freaking_out": {
      "blinkRates": [
        0.7,
        4
      ],
      "fps": -1,
      "looped": false,
      "offset": [
        191.59793814433,
        -54.4329896907216
      ],
      "sound": {
        "sounds": [
          "aa",
          "ee",
          "eh",
          "oo"
        ],
        "pitch": [
          -0.01,
          0.05
        ],
        "prefix": "dave/dave_"
      },
      "unblinkRates": [
        0.05,
        0.1
      ]
    },
    "frightened": {
      "blinkRates": [
        0.7,
        5
      ],
      "fps": -1,
      "looped": false,
      "offset": [
        159.845360824742,
        17.6288659793814
      ],
      "sound": null,
      "unblinkRates": [
        0.05,
        0.1
      ]
    },
    "consoling_frown": {
      "blinkRates": [
        0.7,
        5
      ],
      "fps": -1,
      "looped": false,
      "offset": [
        277.752577319588,
        -51.8144329896907
      ],
      "sound": null,
      "unblinkRates": [
        0.05,
        0.1
      ]
    }
  },
  "defaultPos": "right",
  "fps": 24,
  "historyColor": "#3861ED",
  "historyTextColor": "#000000",
  "icon": "dave",
  "neutral": "neutral",
  "origin": [
    171.5,
    549
  ],
  "scale": 0.94,
  "sound": {
    "sounds": [
      "aa",
      "ee",
      "eh",
      "oo"
    ],
    "pitch": [
      0,
      0
    ],
    "prefix": "dave/dave_"
  }
}